<?xml version="1.0" encoding="UTF-8"?>
<beans xmlns="http://www.springframework.org/schema/beans"
	xmlns:xsi="http://www.w3.org/2001/XMLSchema-instance" xmlns:context="http://www.springframework.org/schema/context"
	xmlns:mvc="http://www.springframework.org/schema/mvc" xmlns:tx="http://www.springframework.org/schema/tx"
	xsi:schemaLocation="http://www.springframework.org/schema/beans
 http://www.springframework.org/schema/beans/spring-beans-2.5.xsd
 http://www.springframework.org/schema/mvc
 http://www.springframework.org/schema/mvc/spring-mvc-3.0.xsd
 http://www.springframework.org/schema/context
 http://www.springframework.org/schema/context/spring-context-3.0.xsd
 http://www.springframework.org/schema/tx 
 http://www.springframework.org/schema/tx/spring-tx-4.0.xsd ">

	<context:annotation-config />
	<context:component-scan base-package="com" />
	<mvc:resources mapping="/resources/**" location="/resources/" />
	<mvc:annotation-driven />
	<tx:annotation-driven />
	<bean
	class="org.springframework.web.servlet.view.InternalResourceViewResolver">
	<property name="prefix">
	<value>/WEB-INF/views/</value>
	</property>
	<property name="suffix">
	<value>.jsp</value>
	</property>
	<property name="order" value="0" />
	</bean>
<!-- <bean id="templateResolver" class="org.thymeleaf.templateresolver.ServletContextTemplateResolver"> -->
<!--      <property name="prefix" value="/WEB-INF/views/" /> -->
<!--      <property name="suffix" value=".html" /> -->
<!--       <property name="viewNames" value="thymeleaf/*" /> --> 
<!--      <property name="templateMode" value="HTML5" /> -->
<!-- </bean> -->

<!-- <bean id="jspViewResolver" class="org.springframework.web.servlet.view.InternalResourceViewResolver"> -->
<!--      <property name="viewClass" value="org.springframework.web.servlet.view.JstlView" /> -->
<!--      <property name="prefix" value="/WEB-INF/views/" /> -->
<!--      <property name="viewNames" value="jsp" /> -->
<!--      <property name="suffix" value=".jsp" /> -->
<!-- </bean> -->
</beans>